-- MySQL dump 10.13  Distrib 8.0.29, for Win64 (x86_64)
--
-- Host: localhost    Database: turisteando
-- ------------------------------------------------------
-- Server version	8.0.29

/*!40101 SET @OLD_CHARACTER_SET_CLIENT=@@CHARACTER_SET_CLIENT */;
/*!40101 SET @OLD_CHARACTER_SET_RESULTS=@@CHARACTER_SET_RESULTS */;
/*!40101 SET @OLD_COLLATION_CONNECTION=@@COLLATION_CONNECTION */;
/*!50503 SET NAMES utf8 */;
/*!40103 SET @OLD_TIME_ZONE=@@TIME_ZONE */;
/*!40103 SET TIME_ZONE='+00:00' */;
/*!40014 SET @OLD_UNIQUE_CHECKS=@@UNIQUE_CHECKS, UNIQUE_CHECKS=0 */;
/*!40014 SET @OLD_FOREIGN_KEY_CHECKS=@@FOREIGN_KEY_CHECKS, FOREIGN_KEY_CHECKS=0 */;
/*!40101 SET @OLD_SQL_MODE=@@SQL_MODE, SQL_MODE='NO_AUTO_VALUE_ON_ZERO' */;
/*!40111 SET @OLD_SQL_NOTES=@@SQL_NOTES, SQL_NOTES=0 */;

--
-- Table structure for table `cart`
--

DROP TABLE IF EXISTS `cart`;
/*!40101 SET @saved_cs_client     = @@character_set_client */;
/*!50503 SET character_set_client = utf8mb4 */;
CREATE TABLE `cart` (
  `cart_id` int NOT NULL AUTO_INCREMENT,
  `user_id` int NOT NULL,
  `package_id` int NOT NULL,
  `package_price` double NOT NULL,
  `package_discount` decimal(5,2) NOT NULL,
  `passengers` int NOT NULL,
  `sub_total` double NOT NULL,
  `total` double NOT NULL,
  PRIMARY KEY (`cart_id`),
  UNIQUE KEY `cart_id_UNIQUE` (`cart_id`),
  KEY `FK_user_car_idx` (`user_id`),
  KEY `FK_package_cart_idx` (`package_id`),
  CONSTRAINT `FK_package_cart` FOREIGN KEY (`package_id`) REFERENCES `productos` (`package_id`) ON DELETE RESTRICT ON UPDATE RESTRICT,
  CONSTRAINT `FK_UR` FOREIGN KEY (`user_id`) REFERENCES `userregister` (`user_id`) ON DELETE CASCADE
) ENGINE=InnoDB AUTO_INCREMENT=325 DEFAULT CHARSET=utf8mb4 COLLATE=utf8mb4_0900_ai_ci;
/*!40101 SET character_set_client = @saved_cs_client */;

--
-- Dumping data for table `cart`
--

LOCK TABLES `cart` WRITE;
/*!40000 ALTER TABLE `cart` DISABLE KEYS */;
INSERT INTO `cart` VALUES (323,2,2,100000,20.00,1,80000,80000);
/*!40000 ALTER TABLE `cart` ENABLE KEYS */;
UNLOCK TABLES;

--
-- Table structure for table `cartpending`
--

DROP TABLE IF EXISTS `cartpending`;
/*!40101 SET @saved_cs_client     = @@character_set_client */;
/*!50503 SET character_set_client = utf8mb4 */;
CREATE TABLE `cartpending` (
  `cart_pending_id` int NOT NULL AUTO_INCREMENT,
  `user_id` int NOT NULL,
  `package_id` int NOT NULL,
  `package_price` double NOT NULL,
  `package_discount` decimal(5,2) NOT NULL,
  `total` double NOT NULL,
  PRIMARY KEY (`cart_pending_id`),
  UNIQUE KEY `cart_pending_id_UNIQUE` (`cart_pending_id`),
  KEY `FK_user_pending_idx` (`user_id`),
  KEY `FK_package_pending_idx` (`package_id`),
  CONSTRAINT `FK_package_pending` FOREIGN KEY (`package_id`) REFERENCES `productos` (`package_id`),
  CONSTRAINT `FK_user_pending` FOREIGN KEY (`user_id`) REFERENCES `userregister` (`user_id`) ON DELETE CASCADE
) ENGINE=InnoDB AUTO_INCREMENT=924 DEFAULT CHARSET=utf8mb4 COLLATE=utf8mb4_0900_ai_ci;
/*!40101 SET character_set_client = @saved_cs_client */;

--
-- Dumping data for table `cartpending`
--

LOCK TABLES `cartpending` WRITE;
/*!40000 ALTER TABLE `cartpending` DISABLE KEYS */;
INSERT INTO `cartpending` VALUES (3,2,1,85000,25.00,63750),(4,2,1,85000,25.00,63750),(5,2,1,85000,25.00,63750),(6,2,1,85000,25.00,63750),(7,2,4,70000,25.00,52500),(8,2,1,85000,25.00,63750),(9,2,1,85000,25.00,63750),(10,2,4,70000,25.00,52500),(11,2,1,85000,25.00,63750),(12,2,1,85000,25.00,63750),(13,2,4,70000,25.00,52500),(20,2,6,69998,40.00,41998.8),(21,2,5,80000,30.00,56000),(22,2,4,70000,25.00,52500),(23,2,1,85000,25.00,63750),(24,2,1,85000,25.00,63750),(25,2,1,85000,25.00,63750),(26,2,2,100000,20.00,80000),(27,2,1,85000,25.00,63750),(28,2,4,70000,25.00,52500),(29,2,4,70000,25.00,52500),(30,2,4,70000,25.00,52500),(31,2,4,70000,25.00,52500),(32,2,4,70000,25.00,52500),(33,2,4,70000,25.00,52500),(34,2,4,70000,25.00,52500),(35,2,4,70000,25.00,52500),(44,2,1,85000,25.00,63750),(45,2,1,85000,25.00,63750),(46,2,6,69998,40.00,41998.8),(47,2,6,69998,40.00,41998.8),(48,2,2,100000,20.00,80000),(49,2,4,70000,25.00,52500),(50,1,1,85000,25.00,63750),(51,2,3,50000,30.00,35000),(52,2,4,70000,25.00,52500),(53,2,4,70000,25.00,52500),(54,2,4,70000,25.00,52500),(55,2,1,85000,25.00,63750),(56,2,2,100000,20.00,80000),(57,2,3,50000,30.00,35000),(58,2,2,100000,20.00,80000),(59,2,3,50000,30.00,35000),(60,2,2,100000,20.00,80000),(61,2,3,50000,30.00,35000),(62,2,4,70000,25.00,52500),(63,2,1,85000,25.00,63750),(64,2,1,85000,25.00,63750),(65,2,4,70000,25.00,52500),(66,2,1,85000,25.00,63750),(67,2,1,85000,25.00,63750),(68,2,1,85000,25.00,63750),(69,2,1,85000,25.00,63750),(70,2,1,85000,25.00,63750),(71,1,6,69998,40.00,41998.8),(73,2,2,100000,20.00,80000),(74,2,1,85000,25.00,63750),(75,2,2,100000,20.00,80000),(76,2,4,70000,25.00,52500),(77,2,1,85000,25.00,63750),(78,2,2,100000,20.00,80000),(79,2,4,70000,25.00,52500),(80,2,1,85000,25.00,63750),(81,2,2,100000,20.00,80000),(82,2,4,70000,25.00,52500),(83,2,1,85000,25.00,63750),(84,2,4,70000,25.00,52500),(85,2,2,100000,20.00,80000),(86,2,1,85000,25.00,63750),(87,2,2,100000,20.00,80000),(88,2,4,70000,25.00,52500),(89,2,1,85000,25.00,63750),(90,2,2,100000,20.00,80000),(91,2,5,80000,30.00,56000),(92,2,5,80000,30.00,56000),(93,2,3,50000,30.00,35000),(94,2,2,100000,20.00,80000),(95,2,2,100000,20.00,80000),(96,2,2,100000,20.00,80000),(97,2,2,100000,20.00,80000),(98,2,2,100000,20.00,80000),(99,2,2,100000,20.00,80000),(100,2,2,100000,20.00,80000),(101,2,1,85000,25.00,63750),(102,2,1,85000,25.00,63750),(103,2,1,85000,25.00,63750),(104,2,1,85000,25.00,63750),(105,2,1,85000,25.00,63750),(106,2,1,85000,25.00,63750),(107,2,1,85000,25.00,63750),(108,2,2,100000,20.00,80000),(109,2,2,100000,20.00,80000),(110,2,2,100000,20.00,80000),(123,2,4,70000,25.00,52500),(124,2,1,85000,25.00,63750),(125,2,4,70000,25.00,52500),(127,2,1,85000,25.00,63750),(128,2,2,100000,20.00,80000),(129,2,2,100000,20.00,80000),(130,2,2,100000,20.00,80000),(131,2,2,100000,20.00,80000),(132,2,1,85000,25.00,63750),(133,2,1,85000,25.00,63750),(134,1,2,100000,20.00,80000),(140,1,4,70000,25.00,52500),(141,2,1,85000,25.00,63750),(142,1,1,85000,25.00,63750),(143,1,1,85000,25.00,63750),(144,1,2,100000,20.00,80000),(145,1,2,100000,20.00,80000),(146,1,2,100000,20.00,80000),(147,1,1,85000,25.00,63750),(148,1,4,70000,25.00,52500),(149,1,1,85000,25.00,63750),(150,5,4,70000,25.00,52500),(151,5,2,100000,20.00,80000),(152,5,6,69998,40.00,41998.8),(153,5,2,100000,20.00,80000),(154,2,2,100000,20.00,80000),(155,6,4,70000,25.00,52500),(156,6,2,100000,20.00,80000),(157,6,1,85000,25.00,63750),(158,6,1,85000,25.00,63750),(159,2,4,70000,25.00,52500),(160,2,1,85000,25.00,63750),(161,7,1,85000,25.00,63750),(162,2,2,100000,20.00,80000),(163,2,2,100000,20.00,80000),(164,2,2,100000,20.00,80000),(165,2,2,100000,20.00,80000),(166,2,2,100000,20.00,80000),(167,2,2,100000,20.00,80000),(168,2,2,100000,20.00,80000),(169,2,2,100000,20.00,80000),(170,2,2,100000,20.00,80000),(171,2,2,100000,20.00,80000),(172,2,2,100000,20.00,80000),(173,2,2,100000,20.00,80000),(174,2,2,100000,20.00,80000),(175,2,2,100000,20.00,80000),(176,2,2,100000,20.00,80000),(177,2,2,100000,20.00,80000),(178,2,2,100000,20.00,80000),(179,2,2,100000,20.00,80000),(180,2,2,100000,20.00,80000),(181,2,2,100000,20.00,80000),(182,2,2,100000,20.00,80000),(183,2,2,100000,20.00,80000),(184,2,2,100000,20.00,80000),(185,2,2,100000,20.00,80000),(186,2,2,100000,20.00,80000),(187,2,2,100000,20.00,80000),(188,2,2,100000,20.00,80000),(189,2,2,100000,20.00,80000),(190,2,2,100000,20.00,80000),(191,2,2,100000,20.00,80000),(192,2,2,100000,20.00,80000),(193,2,2,100000,20.00,80000),(194,2,2,100000,20.00,80000),(195,2,2,100000,20.00,80000),(196,2,2,100000,20.00,80000),(197,2,2,100000,20.00,80000),(198,2,2,100000,20.00,80000),(199,2,2,100000,20.00,80000),(200,2,2,100000,20.00,80000),(201,2,2,100000,20.00,80000),(202,2,2,100000,20.00,80000),(203,2,2,100000,20.00,80000),(204,2,2,100000,20.00,80000),(205,2,2,100000,20.00,80000),(206,2,2,100000,20.00,80000),(207,2,2,100000,20.00,80000),(208,2,2,100000,20.00,80000),(209,2,2,100000,20.00,80000),(210,2,2,100000,20.00,80000),(211,2,2,100000,20.00,80000),(212,2,2,100000,20.00,80000),(213,2,2,100000,20.00,80000),(214,2,2,100000,20.00,80000),(215,2,2,100000,20.00,80000),(216,2,2,100000,20.00,80000),(217,2,2,100000,20.00,80000),(218,2,2,100000,20.00,80000),(219,2,2,100000,20.00,80000),(220,2,2,100000,20.00,80000),(221,2,2,100000,20.00,80000),(222,2,2,100000,20.00,80000),(223,2,2,100000,20.00,80000),(224,2,2,100000,20.00,80000),(225,2,2,100000,20.00,80000),(226,2,2,100000,20.00,80000),(227,2,2,100000,20.00,80000),(228,2,2,100000,20.00,80000),(229,2,2,100000,20.00,80000),(230,2,2,100000,20.00,80000),(231,2,2,100000,20.00,80000),(232,2,2,100000,20.00,80000),(233,2,2,100000,20.00,80000),(234,2,2,100000,20.00,80000),(235,2,2,100000,20.00,80000),(236,2,2,100000,20.00,80000),(237,2,2,100000,20.00,80000),(238,2,2,100000,20.00,80000),(239,2,2,100000,20.00,80000),(240,2,2,100000,20.00,80000),(241,2,2,100000,20.00,80000),(242,2,2,100000,20.00,80000),(243,2,2,100000,20.00,80000),(244,2,2,100000,20.00,80000),(245,2,2,100000,20.00,80000),(246,2,2,100000,20.00,80000),(247,2,2,100000,20.00,80000),(248,2,2,100000,20.00,80000),(249,2,2,100000,20.00,80000),(250,2,2,100000,20.00,80000),(251,2,2,100000,20.00,80000),(252,2,2,100000,20.00,80000),(253,2,2,100000,20.00,80000),(254,2,2,100000,20.00,80000),(255,2,2,100000,20.00,80000),(256,2,2,100000,20.00,80000),(257,2,2,100000,20.00,80000),(258,2,2,100000,20.00,80000),(259,2,2,100000,20.00,80000),(260,2,2,100000,20.00,80000),(261,2,2,100000,20.00,80000),(262,2,2,100000,20.00,80000),(263,2,2,100000,20.00,80000),(264,2,2,100000,20.00,80000),(265,2,2,100000,20.00,80000),(266,2,2,100000,20.00,80000),(267,2,2,100000,20.00,80000),(268,2,2,100000,20.00,80000),(269,2,2,100000,20.00,80000),(270,2,2,100000,20.00,80000),(271,2,2,100000,20.00,80000),(272,2,2,100000,20.00,80000),(273,2,2,100000,20.00,80000),(274,2,2,100000,20.00,80000),(275,2,2,100000,20.00,80000),(276,2,2,100000,20.00,80000),(277,2,2,100000,20.00,80000),(278,2,2,100000,20.00,80000),(279,2,2,100000,20.00,80000),(280,2,2,100000,20.00,80000),(281,2,2,100000,20.00,80000),(282,2,2,100000,20.00,80000),(283,2,2,100000,20.00,80000),(284,2,2,100000,20.00,80000),(285,2,2,100000,20.00,80000),(286,2,2,100000,20.00,80000),(287,2,2,100000,20.00,80000),(288,2,2,100000,20.00,80000),(289,2,2,100000,20.00,80000),(290,2,2,100000,20.00,80000),(291,2,2,100000,20.00,80000),(292,2,2,100000,20.00,80000),(293,2,2,100000,20.00,80000),(294,2,2,100000,20.00,80000),(295,2,1,85000,25.00,63750),(296,2,1,85000,25.00,63750),(297,2,2,100000,20.00,80000),(298,8,2,100000,20.00,80000),(299,2,2,100000,20.00,80000),(300,2,1,85000,25.00,63750),(301,2,1,85000,25.00,63750),(302,2,1,85000,25.00,63750),(303,2,1,85000,25.00,63750),(304,2,1,85000,25.00,63750),(305,2,1,85000,25.00,63750),(306,2,1,85000,25.00,63750),(307,2,1,85000,25.00,63750),(308,2,1,85000,25.00,63750),(309,2,1,85000,25.00,63750),(310,2,1,85000,25.00,63750),(311,2,1,85000,25.00,63750),(312,2,1,85000,25.00,63750),(313,2,1,85000,25.00,63750),(314,2,1,85000,25.00,63750),(315,2,1,85000,25.00,63750),(316,2,1,85000,25.00,63750),(317,2,1,85000,25.00,63750),(318,2,1,85000,25.00,63750),(319,2,1,85000,25.00,63750),(320,2,1,85000,25.00,63750),(321,2,1,85000,25.00,63750),(322,2,1,85000,25.00,63750),(323,2,1,85000,25.00,63750),(324,2,1,85000,25.00,63750),(325,2,1,85000,25.00,63750),(326,2,1,85000,25.00,63750),(327,2,1,85000,25.00,63750),(328,2,1,85000,25.00,63750),(329,2,1,85000,25.00,63750),(330,2,1,85000,25.00,63750),(331,2,1,85000,25.00,63750),(332,2,1,85000,25.00,63750),(333,2,1,85000,25.00,63750),(334,2,1,85000,25.00,63750),(335,2,1,85000,25.00,63750),(336,2,1,85000,25.00,63750),(337,2,1,85000,25.00,63750),(338,2,1,85000,25.00,63750),(339,2,1,85000,25.00,63750),(340,2,1,85000,25.00,63750),(341,2,1,85000,25.00,63750),(342,2,1,85000,25.00,63750),(343,2,1,85000,25.00,63750),(344,2,1,85000,25.00,63750),(345,2,1,85000,25.00,63750),(346,2,1,85000,25.00,63750),(347,2,1,85000,25.00,63750),(348,2,1,85000,25.00,63750),(349,2,1,85000,25.00,63750),(350,2,1,85000,25.00,63750),(351,2,1,85000,25.00,63750),(352,2,1,85000,25.00,63750),(353,2,1,85000,25.00,63750),(354,2,1,85000,25.00,63750),(355,2,1,85000,25.00,63750),(356,2,1,85000,25.00,63750),(357,2,1,85000,25.00,63750),(358,2,1,85000,25.00,63750),(359,2,1,85000,25.00,63750),(360,2,1,85000,25.00,63750),(361,2,1,85000,25.00,63750),(362,2,1,85000,25.00,63750),(363,2,1,85000,25.00,63750),(364,2,1,85000,25.00,63750),(365,2,1,85000,25.00,63750),(366,2,1,85000,25.00,63750),(367,2,1,85000,25.00,63750),(368,2,1,85000,25.00,63750),(369,2,1,85000,25.00,63750),(370,2,1,85000,25.00,63750),(371,2,1,85000,25.00,63750),(372,2,1,85000,25.00,63750),(373,2,1,85000,25.00,63750),(374,2,1,85000,25.00,63750),(375,2,1,85000,25.00,63750),(376,2,1,85000,25.00,63750),(377,2,1,85000,25.00,63750),(378,2,1,85000,25.00,63750),(379,2,1,85000,25.00,63750),(380,2,1,85000,25.00,63750),(381,2,1,85000,25.00,63750),(382,2,1,85000,25.00,63750),(383,2,1,85000,25.00,63750),(384,2,1,85000,25.00,63750),(385,2,1,85000,25.00,63750),(386,2,1,85000,25.00,63750),(387,2,1,85000,25.00,63750),(388,2,1,85000,25.00,63750),(389,2,1,85000,25.00,63750),(390,2,1,85000,25.00,63750),(391,2,1,85000,25.00,63750),(392,2,1,85000,25.00,63750),(393,2,1,85000,25.00,63750),(394,2,1,85000,25.00,63750),(395,2,1,85000,25.00,63750),(396,2,1,85000,25.00,63750),(397,2,1,85000,25.00,63750),(398,2,1,85000,25.00,63750),(399,2,1,85000,25.00,63750),(400,2,1,85000,25.00,63750),(401,2,1,85000,25.00,63750),(402,2,1,85000,25.00,63750),(403,2,1,85000,25.00,63750),(404,2,1,85000,25.00,63750),(405,2,1,85000,25.00,63750),(406,2,1,85000,25.00,63750),(407,2,1,85000,25.00,63750),(408,2,1,85000,25.00,63750),(409,2,1,85000,25.00,63750),(410,2,1,85000,25.00,63750),(411,2,1,85000,25.00,63750),(412,2,1,85000,25.00,63750),(413,2,1,85000,25.00,63750),(414,2,1,85000,25.00,63750),(415,2,1,85000,25.00,63750),(416,2,1,85000,25.00,63750),(417,2,1,85000,25.00,63750),(418,2,1,85000,25.00,63750),(419,2,1,85000,25.00,63750),(420,2,1,85000,25.00,63750),(421,2,1,85000,25.00,63750),(422,2,1,85000,25.00,63750),(423,2,1,85000,25.00,63750),(424,2,1,85000,25.00,63750),(425,2,1,85000,25.00,63750),(426,2,1,85000,25.00,63750),(427,2,1,85000,25.00,63750),(428,2,1,85000,25.00,63750),(429,2,1,85000,25.00,63750),(430,2,1,85000,25.00,63750),(431,2,1,85000,25.00,63750),(432,2,1,85000,25.00,63750),(433,2,1,85000,25.00,63750),(434,2,1,85000,25.00,63750),(435,2,1,85000,25.00,63750),(436,2,1,85000,25.00,63750),(437,2,1,85000,25.00,63750),(438,2,1,85000,25.00,63750),(439,2,1,85000,25.00,63750),(440,2,1,85000,25.00,63750),(441,2,1,85000,25.00,63750),(442,2,1,85000,25.00,63750),(443,2,1,85000,25.00,63750),(444,2,1,85000,25.00,63750),(445,2,1,85000,25.00,63750),(446,2,1,85000,25.00,63750),(447,2,1,85000,25.00,63750),(448,2,1,85000,25.00,63750),(449,2,1,85000,25.00,63750),(450,2,1,85000,25.00,63750),(451,2,1,85000,25.00,63750),(452,2,1,85000,25.00,63750),(453,2,1,85000,25.00,63750),(454,2,1,85000,25.00,63750),(455,2,1,85000,25.00,63750),(456,2,1,85000,25.00,63750),(457,2,1,85000,25.00,63750),(458,2,1,85000,25.00,63750),(459,2,1,85000,25.00,63750),(460,2,1,85000,25.00,63750),(461,2,1,85000,25.00,63750),(462,2,1,85000,25.00,63750),(463,2,1,85000,25.00,63750),(464,2,1,85000,25.00,63750),(465,2,1,85000,25.00,63750),(466,2,1,85000,25.00,63750),(467,2,1,85000,25.00,63750),(468,2,1,85000,25.00,63750),(469,2,1,85000,25.00,63750),(470,2,1,85000,25.00,63750),(471,2,1,85000,25.00,63750),(472,2,1,85000,25.00,63750),(473,2,1,85000,25.00,63750),(474,2,1,85000,25.00,63750),(475,2,1,85000,25.00,63750),(476,2,1,85000,25.00,63750),(477,2,1,85000,25.00,63750),(478,2,1,85000,25.00,63750),(479,2,1,85000,25.00,63750),(480,2,1,85000,25.00,63750),(481,2,1,85000,25.00,63750),(482,2,1,85000,25.00,63750),(483,2,1,85000,25.00,63750),(484,2,1,85000,25.00,63750),(485,2,1,85000,25.00,63750),(486,2,1,85000,25.00,63750),(487,2,1,85000,25.00,63750),(488,2,1,85000,25.00,63750),(489,2,1,85000,25.00,63750),(490,2,1,85000,25.00,63750),(491,2,1,85000,25.00,63750),(492,2,1,85000,25.00,63750),(493,2,1,85000,25.00,63750),(494,2,1,85000,25.00,63750),(495,2,1,85000,25.00,63750),(496,2,1,85000,25.00,63750),(497,2,1,85000,25.00,63750),(498,2,1,85000,25.00,63750),(499,2,1,85000,25.00,63750),(500,2,1,85000,25.00,63750),(501,2,1,85000,25.00,63750),(502,2,1,85000,25.00,63750),(503,2,1,85000,25.00,63750),(504,2,1,85000,25.00,63750),(505,2,1,85000,25.00,63750),(506,2,1,85000,25.00,63750),(507,2,1,85000,25.00,63750),(508,2,1,85000,25.00,63750),(509,2,1,85000,25.00,63750),(510,2,1,85000,25.00,63750),(511,2,1,85000,25.00,63750),(512,2,1,85000,25.00,63750),(513,2,1,85000,25.00,63750),(514,2,1,85000,25.00,63750),(515,2,1,85000,25.00,63750),(516,2,1,85000,25.00,63750),(517,2,1,85000,25.00,63750),(518,2,1,85000,25.00,63750),(519,2,1,85000,25.00,63750),(520,2,1,85000,25.00,63750),(521,2,1,85000,25.00,63750),(522,2,1,85000,25.00,63750),(523,2,1,85000,25.00,63750),(524,2,1,85000,25.00,63750),(525,2,1,85000,25.00,63750),(526,2,1,85000,25.00,63750),(527,2,1,85000,25.00,63750),(528,2,1,85000,25.00,63750),(529,2,1,85000,25.00,63750),(530,2,1,85000,25.00,63750),(531,2,1,85000,25.00,63750),(532,2,1,85000,25.00,63750),(533,2,1,85000,25.00,63750),(534,2,1,85000,25.00,63750),(535,2,1,85000,25.00,63750),(536,2,1,85000,25.00,63750),(537,2,1,85000,25.00,63750),(538,2,1,85000,25.00,63750),(539,2,1,85000,25.00,63750),(540,2,1,85000,25.00,63750),(541,2,1,85000,25.00,63750),(542,2,1,85000,25.00,63750),(543,2,1,85000,25.00,63750),(544,2,1,85000,25.00,63750),(545,2,1,85000,25.00,63750),(546,2,1,85000,25.00,63750),(547,2,1,85000,25.00,63750),(548,2,1,85000,25.00,63750),(549,2,1,85000,25.00,63750),(550,2,1,85000,25.00,63750),(551,2,1,85000,25.00,63750),(552,2,1,85000,25.00,63750),(553,2,1,85000,25.00,63750),(554,2,1,85000,25.00,63750),(555,2,1,85000,25.00,63750),(556,2,1,85000,25.00,63750),(557,2,1,85000,25.00,63750),(558,2,1,85000,25.00,63750),(559,2,1,85000,25.00,63750),(560,2,1,85000,25.00,63750),(561,2,1,85000,25.00,63750),(562,2,1,85000,25.00,63750),(563,2,1,85000,25.00,63750),(564,2,1,85000,25.00,63750),(565,2,1,85000,25.00,63750),(566,2,1,85000,25.00,63750),(567,2,1,85000,25.00,63750),(568,2,1,85000,25.00,63750),(569,2,1,85000,25.00,63750),(570,2,1,85000,25.00,63750),(571,2,1,85000,25.00,63750),(572,2,1,85000,25.00,63750),(573,2,1,85000,25.00,63750),(574,2,1,85000,25.00,63750),(575,2,1,85000,25.00,63750),(576,2,1,85000,25.00,63750),(577,2,1,85000,25.00,63750),(578,2,1,85000,25.00,63750),(579,2,1,85000,25.00,63750),(580,2,1,85000,25.00,63750),(581,2,1,85000,25.00,63750),(582,2,1,85000,25.00,63750),(583,2,1,85000,25.00,63750),(584,2,1,85000,25.00,63750),(585,2,1,85000,25.00,63750),(586,2,1,85000,25.00,63750),(587,2,1,85000,25.00,63750),(588,2,1,85000,25.00,63750),(589,2,1,85000,25.00,63750),(590,2,1,85000,25.00,63750),(591,2,1,85000,25.00,63750),(592,2,1,85000,25.00,63750),(593,2,1,85000,25.00,63750),(594,2,1,85000,25.00,63750),(595,2,1,85000,25.00,63750),(596,2,1,85000,25.00,63750),(597,2,1,85000,25.00,63750),(598,2,1,85000,25.00,63750),(599,2,1,85000,25.00,63750),(600,2,1,85000,25.00,63750),(601,2,1,85000,25.00,63750),(602,2,1,85000,25.00,63750),(603,2,1,85000,25.00,63750),(604,2,1,85000,25.00,63750),(605,2,1,85000,25.00,63750),(606,2,1,85000,25.00,63750),(607,2,1,85000,25.00,63750),(608,2,1,85000,25.00,63750),(609,2,1,85000,25.00,63750),(610,2,1,85000,25.00,63750),(611,2,1,85000,25.00,63750),(612,2,1,85000,25.00,63750),(613,2,1,85000,25.00,63750),(614,2,1,85000,25.00,63750),(615,2,1,85000,25.00,63750),(616,2,1,85000,25.00,63750),(617,2,1,85000,25.00,63750),(618,2,1,85000,25.00,63750),(619,2,1,85000,25.00,63750),(620,2,1,85000,25.00,63750),(621,2,1,85000,25.00,63750),(622,2,1,85000,25.00,63750),(623,2,1,85000,25.00,63750),(624,2,1,85000,25.00,63750),(625,2,1,85000,25.00,63750),(626,2,1,85000,25.00,63750),(627,2,1,85000,25.00,63750),(628,2,1,85000,25.00,63750),(629,2,1,85000,25.00,63750),(630,2,1,85000,25.00,63750),(631,2,1,85000,25.00,63750),(632,2,1,85000,25.00,63750),(633,2,1,85000,25.00,63750),(634,2,1,85000,25.00,63750),(635,2,1,85000,25.00,63750),(636,2,1,85000,25.00,63750),(637,2,1,85000,25.00,63750),(638,2,1,85000,25.00,63750),(639,2,1,85000,25.00,63750),(640,2,1,85000,25.00,63750),(641,2,1,85000,25.00,63750),(642,2,1,85000,25.00,63750),(643,2,1,85000,25.00,63750),(644,2,1,85000,25.00,63750),(645,2,1,85000,25.00,63750),(646,2,1,85000,25.00,63750),(647,2,1,85000,25.00,63750),(648,2,1,85000,25.00,63750),(649,2,1,85000,25.00,63750),(650,2,1,85000,25.00,63750),(651,2,1,85000,25.00,63750),(652,2,1,85000,25.00,63750),(653,2,1,85000,25.00,63750),(654,2,1,85000,25.00,63750),(655,2,1,85000,25.00,63750),(656,2,1,85000,25.00,63750),(657,2,1,85000,25.00,63750),(658,2,1,85000,25.00,63750),(659,2,1,85000,25.00,63750),(660,2,1,85000,25.00,63750),(661,2,1,85000,25.00,63750),(662,2,1,85000,25.00,63750),(663,2,1,85000,25.00,63750),(664,2,1,85000,25.00,63750),(665,2,1,85000,25.00,63750),(666,2,1,85000,25.00,63750),(667,2,1,85000,25.00,63750),(668,2,1,85000,25.00,63750),(669,2,1,85000,25.00,63750),(670,2,1,85000,25.00,63750),(671,2,1,85000,25.00,63750),(672,2,1,85000,25.00,63750),(673,2,1,85000,25.00,63750),(674,2,1,85000,25.00,63750),(675,2,1,85000,25.00,63750),(676,2,1,85000,25.00,63750),(677,2,1,85000,25.00,63750),(678,2,1,85000,25.00,63750),(679,2,1,85000,25.00,63750),(680,2,1,85000,25.00,63750),(681,2,1,85000,25.00,63750),(682,2,1,85000,25.00,63750),(683,2,1,85000,25.00,63750),(684,2,1,85000,25.00,63750),(685,2,1,85000,25.00,63750),(686,2,1,85000,25.00,63750),(687,2,1,85000,25.00,63750),(688,2,1,85000,25.00,63750),(689,2,1,85000,25.00,63750),(690,2,1,85000,25.00,63750),(691,2,1,85000,25.00,63750),(692,2,1,85000,25.00,63750),(693,2,1,85000,25.00,63750),(694,2,1,85000,25.00,63750),(695,2,1,85000,25.00,63750),(696,2,1,85000,25.00,63750),(697,2,1,85000,25.00,63750),(698,2,1,85000,25.00,63750),(699,2,1,85000,25.00,63750),(700,2,1,85000,25.00,63750),(701,2,1,85000,25.00,63750),(702,2,1,85000,25.00,63750),(703,2,1,85000,25.00,63750),(704,2,1,85000,25.00,63750),(705,2,1,85000,25.00,63750),(706,2,1,85000,25.00,63750),(707,2,1,85000,25.00,63750),(708,2,1,85000,25.00,63750),(709,2,1,85000,25.00,63750),(710,2,1,85000,25.00,63750),(711,2,1,85000,25.00,63750),(712,2,1,85000,25.00,63750),(713,2,1,85000,25.00,63750),(714,2,1,85000,25.00,63750),(715,2,1,85000,25.00,63750),(716,2,1,85000,25.00,63750),(717,2,1,85000,25.00,63750),(718,2,1,85000,25.00,63750),(719,2,1,85000,25.00,63750),(720,2,1,85000,25.00,63750),(721,2,1,85000,25.00,63750),(722,2,1,85000,25.00,63750),(723,2,1,85000,25.00,63750),(724,2,1,85000,25.00,63750),(725,2,1,85000,25.00,63750),(726,2,1,85000,25.00,63750),(727,2,1,85000,25.00,63750),(728,2,1,85000,25.00,63750),(729,2,1,85000,25.00,63750),(730,2,1,85000,25.00,63750),(731,2,1,85000,25.00,63750),(732,2,1,85000,25.00,63750),(733,2,1,85000,25.00,63750),(734,2,1,85000,25.00,63750),(735,2,1,85000,25.00,63750),(736,2,1,85000,25.00,63750),(737,2,1,85000,25.00,63750),(738,2,1,85000,25.00,63750),(739,2,1,85000,25.00,63750),(740,2,1,85000,25.00,63750),(741,2,1,85000,25.00,63750),(742,2,1,85000,25.00,63750),(743,2,1,85000,25.00,63750),(744,2,1,85000,25.00,63750),(745,2,1,85000,25.00,63750),(746,2,1,85000,25.00,63750),(747,2,1,85000,25.00,63750),(748,2,1,85000,25.00,63750),(749,2,1,85000,25.00,63750),(750,2,1,85000,25.00,63750),(751,2,1,85000,25.00,63750),(752,2,1,85000,25.00,63750),(753,2,1,85000,25.00,63750),(754,2,1,85000,25.00,63750),(755,2,1,85000,25.00,63750),(756,2,1,85000,25.00,63750),(757,2,1,85000,25.00,63750),(758,2,1,85000,25.00,63750),(759,2,1,85000,25.00,63750),(760,2,1,85000,25.00,63750),(761,2,1,85000,25.00,63750),(762,2,1,85000,25.00,63750),(763,2,1,85000,25.00,63750),(764,2,1,85000,25.00,63750),(765,2,1,85000,25.00,63750),(766,2,1,85000,25.00,63750),(767,2,1,85000,25.00,63750),(768,2,3,50000,30.00,35000),(769,2,3,50000,30.00,35000),(770,2,3,50000,30.00,35000),(771,2,3,50000,30.00,35000),(772,2,3,50000,30.00,35000),(773,2,3,50000,30.00,35000),(774,2,3,50000,30.00,35000),(775,2,3,50000,30.00,35000),(776,2,3,50000,30.00,35000),(777,2,3,50000,30.00,35000),(778,2,4,70000,25.00,52500),(779,2,4,70000,25.00,52500),(780,2,4,70000,25.00,52500),(781,2,4,70000,25.00,52500),(782,2,4,70000,25.00,52500),(783,2,4,70000,25.00,52500),(784,2,4,70000,25.00,52500),(785,2,1,85000,25.00,63750),(786,2,1,85000,25.00,63750),(787,2,1,85000,25.00,63750),(788,2,1,85000,25.00,63750),(789,2,1,85000,25.00,63750),(790,2,1,85000,25.00,63750),(791,2,1,85000,25.00,63750),(792,2,1,85000,25.00,63750),(793,2,1,85000,25.00,63750),(794,2,1,85000,25.00,63750),(795,2,1,85000,25.00,63750),(796,2,1,85000,25.00,63750),(797,2,1,85000,25.00,63750),(798,2,1,85000,25.00,63750),(799,2,1,85000,25.00,63750),(800,2,1,85000,25.00,63750),(801,2,1,85000,25.00,63750),(802,2,1,85000,25.00,63750),(803,2,1,85000,25.00,63750),(804,2,1,85000,25.00,63750),(805,2,1,85000,25.00,63750),(806,2,1,85000,25.00,63750),(807,2,1,85000,25.00,63750),(808,2,2,100000,20.00,80000),(809,2,2,100000,20.00,80000),(810,2,5,80000,30.00,56000),(811,2,4,70000,25.00,52500),(812,2,4,70000,25.00,52500),(813,2,4,70000,25.00,52500),(814,2,1,85000,25.00,63750),(815,2,1,85000,25.00,63750),(816,2,2,100000,20.00,80000),(817,2,2,100000,20.00,80000),(818,2,1,85000,25.00,63750),(819,2,4,70000,25.00,52500),(820,2,5,80000,30.00,56000),(821,2,2,100000,20.00,80000),(822,2,2,100000,20.00,80000),(823,2,1,85000,25.00,63750),(824,2,1,85000,25.00,63750),(825,2,1,85000,25.00,63750),(826,2,1,85000,25.00,63750),(827,2,1,85000,25.00,63750),(828,2,1,85000,25.00,63750),(829,2,1,85000,25.00,63750),(830,2,1,85000,25.00,63750),(831,2,1,85000,25.00,63750),(832,2,1,85000,25.00,63750),(833,2,1,85000,25.00,63750),(834,2,1,85000,25.00,63750),(835,2,1,85000,25.00,63750),(836,2,3,50000,30.00,35000),(837,2,1,85000,25.00,63750),(838,2,4,70000,25.00,52500),(839,2,5,80000,30.00,56000),(840,2,2,100000,20.00,80000),(841,2,2,100000,20.00,80000),(842,2,1,85000,25.00,63750),(843,2,1,85000,25.00,63750),(844,2,1,85000,25.00,63750),(845,2,1,85000,25.00,63750),(846,2,1,85000,25.00,63750),(847,2,1,85000,25.00,63750),(848,2,1,85000,25.00,63750),(849,2,1,85000,25.00,63750),(850,2,1,85000,25.00,63750),(851,2,1,85000,25.00,63750),(852,2,1,85000,25.00,63750),(853,2,1,85000,25.00,63750),(854,2,1,85000,25.00,63750),(855,2,3,50000,30.00,35000),(856,2,4,70000,25.00,52500),(857,2,4,70000,25.00,52500),(858,2,1,85000,25.00,63750),(859,2,1,85000,25.00,63750),(860,2,1,85000,25.00,63750),(861,2,1,85000,25.00,63750),(862,2,1,85000,25.00,63750),(863,2,2,100000,20.00,80000),(864,2,2,100000,20.00,80000),(865,2,2,100000,20.00,80000),(866,2,2,100000,20.00,80000),(867,2,1,85000,25.00,63750),(868,2,4,70000,25.00,52500),(869,2,1,85000,25.00,63750),(870,2,1,85000,25.00,63750),(871,2,4,70000,25.00,52500),(872,2,1,85000,25.00,63750),(873,2,1,85000,25.00,63750),(874,2,2,100000,20.00,80000),(875,2,4,70000,25.00,52500),(876,7,1,85000,25.00,63750),(877,8,6,69998,40.00,41998.8),(878,8,6,69998,40.00,41998.8),(879,6,1,85000,25.00,63750),(880,6,1,85000,25.00,63750),(881,9,6,69998,40.00,41998.8),(882,2,5,80000,30.00,56000),(883,2,5,80000,30.00,56000),(884,2,2,100000,20.00,80000),(885,2,3,50000,30.00,35000),(886,2,3,50000,30.00,35000),(887,2,3,50000,30.00,35000),(888,5,1,85000,25.00,63750),(889,5,1,85000,25.00,63750),(890,7,1,85000,25.00,63750),(891,7,5,80000,30.00,56000),(892,2,1,85000,25.00,63750),(893,2,2,100000,20.00,80000),(894,2,4,70000,25.00,52500),(895,2,2,100000,20.00,80000),(896,2,4,70000,25.00,52500),(897,10,2,100000,20.00,80000),(898,10,1,85000,25.00,63750),(899,10,4,70000,25.00,52500),(900,2,1,85000,25.00,63750),(901,11,1,85000,25.00,63750),(902,11,1,85000,25.00,63750),(903,2,1,85000,25.00,63750),(904,2,1,85000,25.00,63750),(905,2,1,85000,25.00,63750),(906,2,1,85000,25.00,63750),(907,2,1,85000,25.00,63750),(908,2,1,85000,25.00,63750),(909,2,1,85000,25.00,63750),(910,2,2,100000,20.00,80000),(911,2,2,100000,20.00,80000),(912,2,1,85000,25.00,63750),(913,2,1,85000,25.00,63750),(914,2,1,85000,25.00,63750),(915,2,1,85000,25.00,63750),(916,2,1,85000,25.00,63750),(917,2,1,85000,25.00,63750),(918,7,2,100000,20.00,80000),(919,7,3,50000,30.00,35000),(920,12,2,100000,20.00,80000),(921,12,5,80000,30.00,56000),(922,12,1,85000,25.00,63750),(923,13,4,70000,25.00,52500);
/*!40000 ALTER TABLE `cartpending` ENABLE KEYS */;
UNLOCK TABLES;

--
-- Table structure for table `customers`
--

DROP TABLE IF EXISTS `customers`;
/*!40101 SET @saved_cs_client     = @@character_set_client */;
/*!50503 SET character_set_client = utf8mb4 */;
CREATE TABLE `customers` (
  `customer_id` int NOT NULL,
  `user_id` int NOT NULL,
  `first_name` varchar(100) NOT NULL,
  `last_name` varchar(100) NOT NULL,
  `birth_date` date NOT NULL,
  `age` int NOT NULL,
  `identity_document` int NOT NULL,
  `home` varchar(150) NOT NULL,
  `postal_code` int NOT NULL,
  `province_id` int NOT NULL,
  `email_alternative` varchar(150) NOT NULL,
  `phone_number` varchar(150) NOT NULL,
  PRIMARY KEY (`customer_id`),
  KEY `province_id_idx` (`province_id`),
  KEY `FK-user_idx` (`user_id`),
  CONSTRAINT `FK-ur` FOREIGN KEY (`user_id`) REFERENCES `userregister` (`user_id`) ON DELETE CASCADE ON UPDATE CASCADE,
  CONSTRAINT `province_id` FOREIGN KEY (`province_id`) REFERENCES `provinces` (`id_province`)
) ENGINE=InnoDB DEFAULT CHARSET=utf8mb4 COLLATE=utf8mb4_0900_ai_ci;
/*!40101 SET character_set_client = @saved_cs_client */;

--
-- Dumping data for table `customers`
--

LOCK TABLES `customers` WRITE;
/*!40000 ALTER TABLE `customers` DISABLE KEYS */;
INSERT INTO `customers` VALUES (1,1,'Actuzalizado en Crud','apellido actualizado','2022-07-13',20,32659654,'calle 123',2000,21,'ignacio@gmail.com','   0111458458   '),(2,2,'silvana actualizado','Acotto','1987-10-10',30,32927414,'don bosco 3000',4000,24,'sil@gmail.com','3815310691'),(5,5,'Walter','Leskovar','1987-06-10',35,12457845,'Calle 569',5000,1,'water@digital.com','3854659852'),(6,6,'Facundo','Minuto','1987-05-05',35,32165489,'Crisostomo 23',2000,1,'facu@gmail.com','123456874'),(7,7,'Benjamin','Perez','1988-05-05',33,32659878,'don bosco 3000',2000,24,'benja@gmail.com','381656565'),(8,8,'Paula','Pruena','1980-02-10',38,12345675,'hola 123',3000,2,'paula@alternativo.com',' 0112545887 '),(9,9,'Martin','Customers','1986-02-05',36,12345678,'catamarca 1236',3000,14,'martin@gmail.com','342858585'),(10,10,'Pablo','Acosta','1986-10-10',30,32165498,'don bosco 3000',2000,2,'pablo@prueba123.com','3548888888'),(11,11,'Juan','Perea','1988-10-10',33,32565656,'Palavecino 12',2000,2,'pablo@prueba123.com','1234563488'),(12,12,'Sofia','Martinez','1986-10-10',35,32659864,'florida 123',4000,24,'sofi@alternativo.com','3815656565'),(13,13,'Ximena','Camacho','1986-05-02',35,32659858,'Calle 654',3000,1,'xime@alternativo.com','1123546569');
/*!40000 ALTER TABLE `customers` ENABLE KEYS */;
UNLOCK TABLES;

--
-- Table structure for table `detailtransactions`
--

DROP TABLE IF EXISTS `detailtransactions`;
/*!40101 SET @saved_cs_client     = @@character_set_client */;
/*!50503 SET character_set_client = utf8mb4 */;
CREATE TABLE `detailtransactions` (
  `detailtransactions_id` int NOT NULL AUTO_INCREMENT,
  `transaction_id` varchar(50) NOT NULL,
  `user_id` int NOT NULL,
  `package_id` int NOT NULL,
  `package_price` double NOT NULL,
  `package_discount` decimal(5,2) NOT NULL,
  `number_passengers` int NOT NULL,
  PRIMARY KEY (`detailtransactions_id`),
  KEY `FK_U_idx` (`user_id`),
  KEY `FK-P_idx` (`package_id`),
  KEY `FK-T_idx` (`transaction_id`),
  CONSTRAINT `FK-P` FOREIGN KEY (`package_id`) REFERENCES `productos` (`package_id`),
  CONSTRAINT `FK-T` FOREIGN KEY (`transaction_id`) REFERENCES `transaction` (`transaction_id`) ON DELETE RESTRICT ON UPDATE RESTRICT,
  CONSTRAINT `FK_U` FOREIGN KEY (`user_id`) REFERENCES `userregister` (`user_id`)
) ENGINE=InnoDB AUTO_INCREMENT=72 DEFAULT CHARSET=utf8mb4 COLLATE=utf8mb4_0900_ai_ci;
/*!40101 SET character_set_client = @saved_cs_client */;

--
-- Dumping data for table `detailtransactions`
--

LOCK TABLES `detailtransactions` WRITE;
/*!40000 ALTER TABLE `detailtransactions` DISABLE KEYS */;
INSERT INTO `detailtransactions` VALUES (1,'factura N -1657059528271',2,1,85000,25.00,1),(7,'factura N -1657731673733',2,1,85000,25.00,1),(8,'factura N -1657737435455',1,1,85000,25.00,1),(9,'factura N -1657738122331',1,1,85000,25.00,1),(12,'factura N -1657739304059',5,2,100000,20.00,1),(13,'factura N -1657807855971',2,2,100000,20.00,1),(16,'factura N -1657809814152',6,1,85000,25.00,1),(18,'factura N -1657810648134',2,1,85000,25.00,1),(19,'factura N -1657811369967',7,1,85000,25.00,1),(21,'factura N -1657914954132',2,1,85000,25.00,1),(22,'factura N -1657915120675',2,2,100000,20.00,1),(23,'factura N -1657915381269',8,2,100000,20.00,1),(24,'factura N -1657927160624',2,2,100000,20.00,1),(25,'factura N -1658144187156',2,1,85000,25.00,1),(26,'factura N -1658767530855',2,1,85000,25.00,1),(27,'factura N -1658769837485',2,3,50000,30.00,1),(28,'factura N -1658786869868',2,1,85000,25.00,1),(30,'factura N -1658842893160',2,4,70000,25.00,1),(33,'factura N -1659110910330',2,2,100000,20.00,1),(34,'factura N -1659111550518',2,4,70000,25.00,1),(35,'factura N -1659111550518',2,1,85000,25.00,2),(36,'factura N -1659113830014',2,1,85000,25.00,1),(37,'factura N -1659113830014',2,1,85000,25.00,2),(38,'factura N -1659119065072',2,4,70000,25.00,1),(39,'factura N -1659119065072',2,1,85000,25.00,2),(41,'factura N -1659450586997',2,2,100000,20.00,1),(42,'factura N -1659450913117',2,4,70000,25.00,1),(43,'factura N -1659451055343',7,1,85000,25.00,2),(44,'factura N -1659486827168',8,6,69998,40.00,1),(45,'factura N -1659554228640',6,1,85000,25.00,1),(46,'factura N -1659554745719',9,6,69998,40.00,1),(48,'factura N -1659749138943',2,2,100000,20.00,1),(49,'factura N -1659749346758',2,3,50000,30.00,1),(50,'factura N -1659749346758',2,3,50000,30.00,1),(51,'factura N -1659749696041',5,1,85000,25.00,1),(52,'factura N -1659750466663',7,1,85000,25.00,1),(53,'factura N -1659750466663',7,5,80000,30.00,3),(54,'factura N -1660131542952',2,1,85000,25.00,1),(55,'factura N -1660132989882',2,2,100000,20.00,2),(56,'factura N -1660132989882',2,4,70000,25.00,1),(57,'factura N -1660133844134',10,4,70000,25.00,1),(58,'factura N -1660134029973',2,1,85000,25.00,1),(59,'factura N -1660134450574',11,1,85000,25.00,1),(60,'factura N -1660137386903',2,1,85000,25.00,1),(61,'factura N -1660137584726',2,1,85000,25.00,1),(62,'factura N -1660137732161',2,2,100000,20.00,1),(63,'factura N -1660137886037',2,2,100000,20.00,1),(64,'factura N -1660138186781',2,1,85000,25.00,1),(65,'factura N -1660140783818',2,1,85000,25.00,1),(66,'factura N -1660140915256',7,2,100000,20.00,1),(67,'factura N -1660140915256',7,3,50000,30.00,2),(69,'factura N -1660141403251',12,5,80000,30.00,1),(70,'factura N -1660141690053',12,1,85000,25.00,1),(71,'factura N -1660142087279',13,4,70000,25.00,1);
/*!40000 ALTER TABLE `detailtransactions` ENABLE KEYS */;
UNLOCK TABLES;

--
-- Table structure for table `hotels`
--

DROP TABLE IF EXISTS `hotels`;
/*!40101 SET @saved_cs_client     = @@character_set_client */;
/*!50503 SET character_set_client = utf8mb4 */;
CREATE TABLE `hotels` (
  `id` int NOT NULL AUTO_INCREMENT,
  `nombre` varchar(100) NOT NULL,
  `stars` int DEFAULT NULL,
  `address` varchar(150) NOT NULL,
  `city` varchar(100) NOT NULL,
  `province_id` int NOT NULL,
  `mail` varchar(150) NOT NULL,
  `phone` varchar(150) NOT NULL,
  PRIMARY KEY (`id`),
  UNIQUE KEY `id_UNIQUE` (`id`),
  KEY `id_idx` (`province_id`),
  CONSTRAINT `id_province` FOREIGN KEY (`province_id`) REFERENCES `provinces` (`id_province`)
) ENGINE=InnoDB AUTO_INCREMENT=8 DEFAULT CHARSET=utf8mb4 COLLATE=utf8mb4_0900_ai_ci;
/*!40101 SET character_set_client = @saved_cs_client */;

--
-- Dumping data for table `hotels`
--

LOCK TABLES `hotels` WRITE;
/*!40000 ALTER TABLE `hotels` DISABLE KEYS */;
INSERT INTO `hotels` VALUES (1,'Hotel Los Andes',3,'Vicealmirante O´Connor 431, 8400 San Carlos de Bariloche, Argentina','San Carlos de Bariloche',16,'Hotel_Los_ Andes@turismo.com.ar','2212854'),(2,'Holtel Posada Del Fin Del Mundo',3,'Fin del Mundo, doblando la esquina 2548 - 8523','Ushuaia',23,'Holtel_Posada_Del_Fin_Del_Mundo@turismo.com.ar','569698742'),(3,'Hotel San Martin',5,'Cervantes 1278 - 5623','Mendoza',13,'HotelSanMartin@turismo.com','455555555'),(4,'Hotel Cervantes',3,'Av. Suvuria 2538 esquina Balcarce','Ciudad de Buenos Aires',5,'HotelCervantes@turismo.com.ar','77789852'),(5,'Hotel Gran Iguazu',4,'Norte Cataratas 536','Iguazu',14,'gran_iguazu@gmail.com','0621-8888'),(6,'San Juan Hotel',4,'Av. San Juan 5863','San Juan',18,'san_juan_hotel@sanjuan.com.ar','08742365'),(7,'Iguazu Apart Hotel',5,'En las Cataratas 85','Iguazu',14,'Iguazu_apart@hotel.com.ar','29566354');
/*!40000 ALTER TABLE `hotels` ENABLE KEYS */;
UNLOCK TABLES;

--
-- Table structure for table `newsletter`
--

DROP TABLE IF EXISTS `newsletter`;
/*!40101 SET @saved_cs_client     = @@character_set_client */;
/*!50503 SET character_set_client = utf8mb4 */;
CREATE TABLE `newsletter` (
  `email_id` int NOT NULL AUTO_INCREMENT,
  `email` varchar(150) NOT NULL,
  PRIMARY KEY (`email_id`)
) ENGINE=InnoDB AUTO_INCREMENT=3 DEFAULT CHARSET=utf8mb4 COLLATE=utf8mb4_0900_ai_ci;
/*!40101 SET character_set_client = @saved_cs_client */;

--
-- Dumping data for table `newsletter`
--

LOCK TABLES `newsletter` WRITE;
/*!40000 ALTER TABLE `newsletter` DISABLE KEYS */;
INSERT INTO `newsletter` VALUES (1,'sil@gmail.com'),(2,'benja@gmaiil.com');
/*!40000 ALTER TABLE `newsletter` ENABLE KEYS */;
UNLOCK TABLES;

--
-- Table structure for table `paymentdetail`
--

DROP TABLE IF EXISTS `paymentdetail`;
/*!40101 SET @saved_cs_client     = @@character_set_client */;
/*!50503 SET character_set_client = utf8mb4 */;
CREATE TABLE `paymentdetail` (
  `payment_detail_id` varchar(50) NOT NULL,
  `card_number` varchar(45) NOT NULL,
  `expiration` date NOT NULL,
  `security_code` int NOT NULL,
  PRIMARY KEY (`payment_detail_id`)
) ENGINE=InnoDB DEFAULT CHARSET=utf8mb4 COLLATE=utf8mb4_0900_ai_ci;
/*!40101 SET character_set_client = @saved_cs_client */;

--
-- Dumping data for table `paymentdetail`
--

LOCK TABLES `paymentdetail` WRITE;
/*!40000 ALTER TABLE `paymentdetail` DISABLE KEYS */;
INSERT INTO `paymentdetail` VALUES ('factura N -1657059528271','789658745896','2025-10-10',300),('factura N -1657729686252','1234123412341234','2020-10-10',200),('factura N -1657730640762','','2022-07-05',0),('factura N -1657730935526','','2022-07-06',0),('factura N -1657731041021','','2022-07-06',0),('factura N -1657731132178','789478947894','2025-10-10',4000),('factura N -1657731319755','','2025-01-10',300),('factura N -1657731673733','','2022-07-14',0),('factura N -1657731785083','','2022-07-06',0),('factura N -1657732106135','','2022-07-01',0),('factura N -1657736904627','','2022-07-20',0),('factura N -1657737015293','','2022-07-21',0),('factura N -1657737435455','','2022-07-07',0),('factura N -1657737581409','1234123445674564','2022-07-28',100),('factura N -1657738122331','','2022-07-06',0),('factura N -1657738425186','','2022-07-13',0),('factura N -1657738929665','','2022-07-21',0),('factura N -1657739075352','','2022-07-14',200),('factura N -1657739304059','','2022-07-20',0),('factura N -1657807855971','1234567812345678','2025-03-10',998),('factura N -1657808543631','7894789478947894','2026-05-03',456),('factura N -1657808957391','1234456712344567','2026-04-10',654),('factura N -1657809669904','7894789412341234','2022-07-07',654),('factura N -1657809814152','','2022-07-05',0),('factura N -1657810391264','7894123445674567','2023-03-10',987),('factura N -1657810648134','','2022-07-07',0),('factura N -1657811369967','7894456112347894','2022-07-12',789),('factura N -1657914667979','','2022-07-19',0),('factura N -1657914885916','','2022-07-13',0),('factura N -1657914954132','','2022-07-26',0),('factura N -1657915120675','12341234123412341234','2025-10-10',899),('factura N -1657915381269','789478947894789','2026-10-10',600),('factura N -1657927160624','','2022-07-06',0),('factura N -1658144187156','7894123478941234','2020-10-10',200),('factura N -1658767530855','','2022-06-29',0),('factura N -1658769837485','','2022-07-05',0),('factura N -1658786869868','1234123412341234','0202-10-10',300),('factura N -1658799791692','1234567894567894','0087-10-10',200),('factura N -1658801878515','1234567894561235','2022-10-10',300),('factura N -1658802103913','8569854785698547','0202-10-10',200),('factura N -1658842893160','1224567889451254','2052-10-10',100),('factura N -1659110721604','1234567891234567','2025-10-10',300),('factura N -1659110910330','1111111111111111','0010-10-10',200),('factura N -1659111550518','1111111111111111','0010-10-10',200),('factura N -1659113830014','1234567878912323','0010-10-10',2000),('factura N -1659119065072','1111111111111111','2025-10-10',2000),('factura N -1659450586997','7894561230456789','2025-10-10',300),('factura N -1659450913117','7894561231058785','2025-10-10',200),('factura N -1659451055343','7897897899999999','0006-10-10',300),('factura N -1659486587241','7894561230456123','2026-10-10',3000),('factura N -1659486827168','7894561234567894','2027-05-10',6000),('factura N -1659554228640','7894561234567894','2026-12-10',3000),('factura N -1659554745719','4561237894567895','2024-03-03',600),('factura N -1659748810087','1231231231231233','2025-06-05',100),('factura N -1659749138943','1111111111111111','2025-10-10',300),('factura N -1659749346758','1234567894561234','2022-08-09',100),('factura N -1659749696041','7777777777777777','2026-05-10',7564),('factura N -1659750466663','7894561230456210','0024-10-10',200),('factura N -1660131542952','7777777777777777','2025-10-10',200),('factura N -1660132989882','7894561230455482','2025-10-10',2000),('factura N -1660133844134','7894567894567894','2026-10-10',200),('factura N -1660134029973','1234567884565555','2025-10-10',4000),('factura N -1660134450574','7894567894567545','2026-10-10',2999),('factura N -1660137386903','1111111111111111','2021-09-10',200),('factura N -1660137584726','7894567894567892','1920-10-10',300),('factura N -1660137732161','1234567894567896','1987-10-10',300),('factura N -1660137886037','1234123412341234','2025-10-05',300),('factura N -1660138186781','1111111111111111','2000-10-10',200),('factura N -1660140783818','1111111111111111','2025-10-10',200),('factura N -1660140915256','7894789478947894','2026-10-10',200),('factura N -1660141403251','7894561234567894','2026-10-10',304),('factura N -1660141690053','1111111111121212','2026-10-10',300),('factura N -1660142087279','1234567894561254','2026-10-10',300);
/*!40000 ALTER TABLE `paymentdetail` ENABLE KEYS */;
UNLOCK TABLES;

--
-- Table structure for table `productos`
--

DROP TABLE IF EXISTS `productos`;
/*!40101 SET @saved_cs_client     = @@character_set_client */;
/*!50503 SET character_set_client = utf8mb4 */;
CREATE TABLE `productos` (
  `package_id` int NOT NULL AUTO_INCREMENT,
  `package_name` varchar(100) NOT NULL,
  `package_image` varchar(150) DEFAULT NULL,
  `package_alt_image` varchar(100) NOT NULL,
  `package_price` double NOT NULL,
  `package_title` varchar(150) NOT NULL,
  `package_q_days` int NOT NULL,
  `package_hotel` int NOT NULL,
  `package_description` varchar(500) NOT NULL,
  `package_date_admission` datetime DEFAULT NULL,
  `package_index` int NOT NULL,
  `package_category` int NOT NULL,
  `package_excursions_id` int NOT NULL,
  `package_discount` decimal(5,2) DEFAULT NULL,
  `package_transportation` int NOT NULL,
  PRIMARY KEY (`package_id`),
  UNIQUE KEY `id_UNIQUE` (`package_id`),
  KEY `id_idx1` (`package_excursions_id`),
  KEY `FK_P_H_idx` (`package_hotel`),
  CONSTRAINT `FK_P_H` FOREIGN KEY (`package_hotel`) REFERENCES `hotels` (`id`),
  CONSTRAINT `FK_P_T` FOREIGN KEY (`package_excursions_id`) REFERENCES `tours` (`id`)
) ENGINE=InnoDB AUTO_INCREMENT=9 DEFAULT CHARSET=utf8mb4 COLLATE=utf8mb4_0900_ai_ci;
/*!40101 SET character_set_client = @saved_cs_client */;

--
-- Dumping data for table `productos`
--

LOCK TABLES `productos` WRITE;
/*!40000 ALTER TABLE `productos` DISABLE KEYS */;
INSERT INTO `productos` VALUES (1,'7 Lagos','Bariloche300x200.webp','bariloche lago',85000,'Bariloche en 5 días',5,1,'5 días en los que podrá conocer una de los lugares más lindos del sur de Argentina y del mundo, Bariloche.','2022-08-20 00:00:00',1,1,1,25.00,1),(2,'Fin Mundo','FinDelMundo300x200.webp','fin del mundo',100000,'Fin del Mundo en 6 días',6,2,'En Ushuaia, la experiencia de recorrer en Fin del Mundo en 6 días. Una aventura única y maravillosa.','2022-09-09 00:00:00',1,1,2,20.00,1),(3,'Mendoza','turisteando-1652468711310Mendoza.webp','mendoza',50000,'Mendoza en 6 días',6,3,'Visite una de las ciudades más lindas de Argentina, conozca la industria del vino, recorriendo el camino del vino.','2022-08-20 00:00:00',1,2,3,30.00,1),(4,'Buenos Aires','Buenos_aires.webp','buenos aires',70000,'Buenos Aires en 4 días',4,4,'4 días maracillosos en la ciudad capital de Argentina.','2022-08-20 00:00:00',1,1,5,25.00,2),(5,'Iguazu','Iguazu300x200.webp','iguazu',80000,'Iguazu en 3 días',3,5,'3 días en cataratas del Iguazu, vistas desde Argentina y Brasil.','2022-08-16 00:00:00',1,2,6,30.00,1),(6,'San Juan','turisteando-1655487642886San_Juan_valleDeLaLuna.png','San Juan',69998,'San Juan en 3 días',3,6,'3 días al pie de los Andes, visitando el maravilloso Valle de la Luna.','2022-08-09 00:00:00',1,2,7,40.00,1);
/*!40000 ALTER TABLE `productos` ENABLE KEYS */;
UNLOCK TABLES;

--
-- Table structure for table `provinces`
--

DROP TABLE IF EXISTS `provinces`;
/*!40101 SET @saved_cs_client     = @@character_set_client */;
/*!50503 SET character_set_client = utf8mb4 */;
CREATE TABLE `provinces` (
  `id_province` int NOT NULL AUTO_INCREMENT,
  `name` varchar(100) NOT NULL,
  PRIMARY KEY (`id_province`),
  UNIQUE KEY `id_UNIQUE` (`id_province`)
) ENGINE=InnoDB AUTO_INCREMENT=25 DEFAULT CHARSET=utf8mb4 COLLATE=utf8mb4_0900_ai_ci;
/*!40101 SET character_set_client = @saved_cs_client */;

--
-- Dumping data for table `provinces`
--

LOCK TABLES `provinces` WRITE;
/*!40000 ALTER TABLE `provinces` DISABLE KEYS */;
INSERT INTO `provinces` VALUES (1,'Buenos Aires'),(2,'Catamarca'),(3,'Chaco'),(4,'Chubut'),(5,'Ciudad Autónoma de Buenos Aires'),(6,'Córdoba'),(7,'Corrientes'),(8,'Entre Ríos'),(9,'Formosa'),(10,'Jujuy'),(11,'La Pampa'),(12,'La Rioja'),(13,'Mendoza'),(14,'Misiones'),(15,'Neuquén'),(16,'Río Negro'),(17,'Salta'),(18,'San Juan'),(19,'San Luis'),(20,'Santa Cruz'),(21,'Santa Fe'),(22,'Santiago del Estero'),(23,'Tierra del Fuego, Antártida e Islas del Atlántico Sur'),(24,'Tucumán');
/*!40000 ALTER TABLE `provinces` ENABLE KEYS */;
UNLOCK TABLES;

--
-- Table structure for table `tours`
--

DROP TABLE IF EXISTS `tours`;
/*!40101 SET @saved_cs_client     = @@character_set_client */;
/*!50503 SET character_set_client = utf8mb4 */;
CREATE TABLE `tours` (
  `id` int NOT NULL AUTO_INCREMENT,
  `name` varchar(100) NOT NULL,
  `description` varchar(500) NOT NULL,
  `duration` varchar(50) DEFAULT NULL,
  PRIMARY KEY (`id`),
  UNIQUE KEY `id_UNIQUE` (`id`)
) ENGINE=InnoDB AUTO_INCREMENT=8 DEFAULT CHARSET=utf8mb4 COLLATE=utf8mb4_0900_ai_ci;
/*!40101 SET character_set_client = @saved_cs_client */;

--
-- Dumping data for table `tours`
--

LOCK TABLES `tours` WRITE;
/*!40000 ALTER TABLE `tours` DISABLE KEYS */;
INSERT INTO `tours` VALUES (1,'7 Lagos','Recorrido por los 7 lagos de Bariloche, un día a pura naturaleza.','11 horas, 8 am - 6 pm'),(2,'Fin del Mundo','Un recorrido fascinante donde llegan muy pocos, la naturaleza como nunca antes la viste','6 horas, 10 am - 3 pm'),(3,'Mendoza capital','Calles arboladas, veredas relucientes, antiguas y hermosas acequias, son la caracteristica principal de esta ciudad. Recorremos toda la ciudad, visitamos sus parques y el monumento al General San Martin.','4 horas, 9 am - 1 pm'),(4,'Rosario','Munumento a la Bandera y costa del rio.','3 horas, 10 am - 1 pm'),(5,'Buenos Aires','Recorremos todo el centro de Buenos Aires.','2 horas y media, salida a las 3 pm'),(6,'Iguazu','Cataratas lado Argentino y lado Brasilero en 2 días','6 horas por día, salida a las 10 am'),(7,'San Juan','Valle de la Luna','6 horas, salida a las 10 am');
/*!40000 ALTER TABLE `tours` ENABLE KEYS */;
UNLOCK TABLES;

--
-- Table structure for table `transaction`
--

DROP TABLE IF EXISTS `transaction`;
/*!40101 SET @saved_cs_client     = @@character_set_client */;
/*!50503 SET character_set_client = utf8mb4 */;
CREATE TABLE `transaction` (
  `transaction_id` varchar(50) NOT NULL,
  `user_id` int NOT NULL,
  `sale_date` date NOT NULL,
  `total` double NOT NULL,
  `payment_method` varchar(45) NOT NULL,
  `payment_detail_id` varchar(50) NOT NULL,
  `customer_id` int NOT NULL,
  PRIMARY KEY (`transaction_id`),
  KEY `FK_PD_idx` (`payment_detail_id`),
  KEY `FK_user_transaction_idx` (`user_id`),
  KEY `KF-C_idx` (`customer_id`),
  CONSTRAINT `FK-c` FOREIGN KEY (`customer_id`) REFERENCES `customers` (`customer_id`) ON DELETE CASCADE ON UPDATE CASCADE,
  CONSTRAINT `FK-PD` FOREIGN KEY (`payment_detail_id`) REFERENCES `paymentdetail` (`payment_detail_id`),
  CONSTRAINT `FK_user_transaction` FOREIGN KEY (`user_id`) REFERENCES `userregister` (`user_id`) ON DELETE CASCADE
) ENGINE=InnoDB DEFAULT CHARSET=utf8mb4 COLLATE=utf8mb4_0900_ai_ci;
/*!40101 SET character_set_client = @saved_cs_client */;

--
-- Dumping data for table `transaction`
--

LOCK TABLES `transaction` WRITE;
/*!40000 ALTER TABLE `transaction` DISABLE KEYS */;
INSERT INTO `transaction` VALUES ('factura N -1657059528271',2,'1969-12-31',63750,'debito','factura N -1657059528271',2),('factura N -1657731673733',2,'1969-12-31',63750,'debito','factura N -1657731673733',2),('factura N -1657737435455',1,'1969-12-31',63750,'debito','factura N -1657737435455',1),('factura N -1657737581409',1,'1969-12-31',52500,'tarjeta','factura N -1657737581409',1),('factura N -1657738122331',1,'1969-12-31',63750,'debito','factura N -1657738122331',1),('factura N -1657739304059',5,'1969-12-31',80000,'debito','factura N -1657739304059',5),('factura N -1657807855971',2,'1969-12-31',80000,'tarjeta','factura N -1657807855971',2),('factura N -1657809669904',6,'1969-12-31',63750,'debito','factura N -1657809669904',6),('factura N -1657809814152',6,'1969-12-31',63750,'tarjeta','factura N -1657809814152',6),('factura N -1657810391264',2,'1969-12-31',52500,'debito','factura N -1657810391264',2),('factura N -1657810648134',2,'1969-12-31',63750,'debito','factura N -1657810648134',2),('factura N -1657811369967',7,'1969-12-31',63750,'tarjeta','factura N -1657811369967',7),('factura N -1657914667979',2,'1969-12-31',80000,'debito','factura N -1657914667979',2),('factura N -1657914954132',2,'1969-12-31',63750,'tarjeta','factura N -1657914954132',2),('factura N -1657915120675',2,'1969-12-31',80000,'debito','factura N -1657915120675',2),('factura N -1657915381269',8,'1969-12-31',80000,'debito','factura N -1657915381269',8),('factura N -1657927160624',2,'1969-12-31',80000,'debito','factura N -1657927160624',2),('factura N -1658144187156',2,'1969-12-31',63750,'debito','factura N -1658144187156',2),('factura N -1658767530855',2,'1969-12-31',63750,'tarjeta','factura N -1658767530855',2),('factura N -1658769837485',2,'1969-12-31',35000,'tarjeta','factura N -1658769837485',2),('factura N -1658786869868',2,'1969-12-31',63750,'debito','factura N -1658786869868',2),('factura N -1658842893160',2,'2022-07-26',52500,'debito','factura N -1658842893160',2),('factura N -1659110721604',2,'2022-07-29',207500,'debito','factura N -1659110721604',2),('factura N -1659110910330',2,'2022-07-29',160000,'debito','factura N -1659110910330',2),('factura N -1659111550518',2,'2022-07-29',180000,'tarjeta','factura N -1659111550518',2),('factura N -1659113830014',2,'2022-07-29',191250,'debito','factura N -1659113830014',2),('factura N -1659119065072',2,'2022-07-29',180000,'tarjeta','factura N -1659119065072',2),('factura N -1659450586997',2,'2022-08-02',143750,'tarjeta','factura N -1659450586997',2),('factura N -1659450913117',2,'2022-08-02',52500,'tarjeta','factura N -1659450913117',2),('factura N -1659451055343',7,'2022-08-02',127500,'tarjeta','factura N -1659451055343',7),('factura N -1659486827168',8,'2022-08-02',41998.8,'debito','factura N -1659486827168',8),('factura N -1659554228640',6,'2022-08-03',63750,'debito','factura N -1659554228640',6),('factura N -1659554745719',9,'2022-08-03',41998.8,'debito','factura N -1659554745719',9),('factura N -1659749138943',2,'2022-08-05',80000,'debito','factura N -1659749138943',2),('factura N -1659749346758',2,'2022-08-05',70000,'debito','factura N -1659749346758',2),('factura N -1659749696041',5,'2022-08-05',63750,'tarjeta','factura N -1659749696041',5),('factura N -1659750466663',7,'2022-08-05',231750,'tarjeta','factura N -1659750466663',7),('factura N -1660131542952',2,'2022-08-10',63750,'tarjeta','factura N -1660131542952',2),('factura N -1660132989882',2,'2022-08-10',212500,'debito','factura N -1660132989882',2),('factura N -1660133844134',10,'2022-08-10',52500,'tarjeta','factura N -1660133844134',10),('factura N -1660134029973',2,'2022-08-10',63750,'tarjeta','factura N -1660134029973',2),('factura N -1660134450574',11,'2022-08-10',63750,'tarjeta','factura N -1660134450574',11),('factura N -1660137386903',2,'2022-08-10',63750,'tarjeta','factura N -1660137386903',2),('factura N -1660137584726',2,'2022-08-10',63750,'tarjeta','factura N -1660137584726',2),('factura N -1660137732161',2,'2022-08-10',80000,'tarjeta','factura N -1660137732161',2),('factura N -1660137886037',2,'2022-08-10',80000,'debito','factura N -1660137886037',2),('factura N -1660138186781',2,'2022-08-10',63750,'tarjeta','factura N -1660138186781',2),('factura N -1660140783818',2,'2022-08-10',63750,'debito','factura N -1660140783818',2),('factura N -1660140915256',7,'2022-08-10',150000,'tarjeta','factura N -1660140915256',7),('factura N -1660141403251',12,'2022-08-10',216000,'tarjeta','factura N -1660141403251',12),('factura N -1660141690053',12,'2022-08-10',63750,'debito','factura N -1660141690053',12),('factura N -1660142087279',13,'2022-08-10',52500,'debito','factura N -1660142087279',13);
/*!40000 ALTER TABLE `transaction` ENABLE KEYS */;
UNLOCK TABLES;

--
-- Table structure for table `userregister`
--

DROP TABLE IF EXISTS `userregister`;
/*!40101 SET @saved_cs_client     = @@character_set_client */;
/*!50503 SET character_set_client = utf8mb4 */;
CREATE TABLE `userregister` (
  `user_id` int NOT NULL AUTO_INCREMENT,
  `user` varchar(100) NOT NULL,
  `email` varchar(150) NOT NULL,
  `password` varchar(100) NOT NULL,
  `password_valid` varchar(100) NOT NULL,
  `avatar` varchar(150) NOT NULL,
  PRIMARY KEY (`user_id`),
  UNIQUE KEY `user_id_UNIQUE` (`user_id`)
) ENGINE=InnoDB AUTO_INCREMENT=14 DEFAULT CHARSET=utf8mb4 COLLATE=utf8mb4_0900_ai_ci;
/*!40101 SET character_set_client = @saved_cs_client */;

--
-- Dumping data for table `userregister`
--

LOCK TABLES `userregister` WRITE;
/*!40000 ALTER TABLE `userregister` DISABLE KEYS */;
INSERT INTO `userregister` VALUES (1,'Ignacio','ignacio@gmail.com','$2a$10$lGotBeBK0nNtldquPdZdRuQKG7cyD1l6ICKz034kks3htbUyXFcAO','$2a$10$8JHXeL2Dky0EDe/gm1/9t.7LdTZN62dfyAx6.0XpBINrJDRQlAyO6','1653846615007_img.png'),(2,'silvana','sil@gmail.com','$2a$10$zw4Ttcbe/65Fi1WLwrPDCei09unTPmzEPVbrW/90T2AhJ60q2oim.','$2a$10$hQnBEuZ3mu3eH8hlUdirOuGULakXrbPAcHP2IlTHS7upWmQrubsJi','1654647688401_img.png'),(5,'walter','walter@gmail.com','$2a$10$SdLk0byfQYX5j3uBSMAqg.ldJ2QsssuQn9MDHSa2MZQMPVMKjQZOS','$2a$10$RD4aJrSq3EuZ8GXttpLjU.f8J8JAOUDeADJpT0fhXhPrvSdbF8leu','1657738241326_img.jpg'),(6,'facundo','facundo@gmail.com','$2a$10$/pbF9l3rKI27b4I3b1TbL.TTsYncC0w8TZ8Knc2kCpyNhT56wYbRy','$2a$10$nNLkII5lunNN0DKWewGPA.4WpuRxdLQm500P0xDM5dZMreoYKMbka','1657808384616_img.jpg'),(7,'benja','benja@gmaiil.com','$2a$10$A3.E2GylZ4txcTxAb.DEKOUsEtkrzoAaFixCtSOxJTyksYweM9yHC','$2a$10$4ATmQUtLzUditYQOQVK6l.OOB5eO0fQ6Q8lQUKa2F/4FTUn.HmUVa','1657811253051_img.jpg'),(8,'paula','paula@gmail.com','$2a$10$lZ.hJQowjJqe3e2uwVwUI.ijlBTglKxl/jKAWa6WYRSq12jiqpZli','$2a$10$zLFkHLHYmlMw5doXekgoWe6WtPhUhcPTiio6.nGugoz9mQ/p.cZMG','1657915289511_img.jpg'),(9,'Martin','martin@gmail.com','$2a$10$hZR5QAGH4FvbE3Gde1WLV.N9X5aF78eVDtDnVtSA9DhKZP1jJthzS','$2a$10$kF2FDb9ulH3VuqVFr5nn8.OOi/1vVjjJ88cgvnul3JEQVz.nbRzXG','1659554493343_img.jpg'),(10,'pabloo','pablo@gmail.com','$2a$10$EiVEV9Uk6TDF858xaO88A.vaGisIAQ4935DwuXrG2G7fIgMzV2k4.','$2a$10$jc5jn8BMU5ri6RTfFCNxR.Z2nw544sHAOAF5Bd7IkuojJz4v81wnq','1659999249865_img.jpg'),(11,'juan','juan@gmail.com','$2a$10$p9qCTfJLc2Yc14Vx4OXZ.uyoAg6gIJNmt5devRfijGHb7IZbthKUW','$2a$10$MO9BGiyFsL4jkU0W9VEQmOQHuWZJz7s5gKAQLLo1NI7hMegJ1M4lq','1660134197532_img.jpg'),(12,'sofia','sofi@gmail.om','$2a$10$J8YSwtKeT4ud3u2OUGvzRuqb/yMvmqHGwLGQtcRzUomZMpgaB7G7u','$2a$10$Pa2R9B648PXNg6Bz92tjaeF41z0mqI7PaxulE7CsI1CzXpllPXXjW','1660141304238_img.png'),(13,'xime','xime@gmail.com','$2a$10$jAKOBEthV9G4AKhfu9cTXO9/yvCjZiaExjwnujMdm6xx5BtKLWSgC','$2a$10$n7.YFOLN5RmyJi12TfE.x.OqKIoukWAVlluod5wnKZSw/76efzl62','1660142002839_img.png');
/*!40000 ALTER TABLE `userregister` ENABLE KEYS */;
UNLOCK TABLES;
/*!40103 SET TIME_ZONE=@OLD_TIME_ZONE */;

/*!40101 SET SQL_MODE=@OLD_SQL_MODE */;
/*!40014 SET FOREIGN_KEY_CHECKS=@OLD_FOREIGN_KEY_CHECKS */;
/*!40014 SET UNIQUE_CHECKS=@OLD_UNIQUE_CHECKS */;
/*!40101 SET CHARACTER_SET_CLIENT=@OLD_CHARACTER_SET_CLIENT */;
/*!40101 SET CHARACTER_SET_RESULTS=@OLD_CHARACTER_SET_RESULTS */;
/*!40101 SET COLLATION_CONNECTION=@OLD_COLLATION_CONNECTION */;
/*!40111 SET SQL_NOTES=@OLD_SQL_NOTES */;

-- Dump completed on 2022-08-10 11:36:13
